year,country,cell_subscriptions,internet_users,unemployment,population,bank_branches,tourism_arrivals,region,income_group
2010,Albania,85.468247,45,14.19999981,2913021,24.24338211,2191000,Europe & Central Asia,Upper middle income
2010,Algeria,88.44487548,12.5,10,36036159,4.897939827,2070000,Middle East & North Africa,Upper middle income
2010,Argentina,141.383022,45,7.699999809,41222875,13.02644879,5325000,Latin America & Caribbean,High income: nonOECD
2010,Armenia,130.4322327,25,19,2963496,18.25486853,684000,Europe & Central Asia, Lower middle income
2010,Aruba,129.72824,62,10.60000038,101597,NA,824000,Latin America & Caribbean,High income: nonOECD
2010,Australia,100.4263074,76,5.199999809,22031750,30.72536806,5790000,East Asia & Pacific, High income: OECD
2010,Austria,145.6928199,75.17,4.800000191,8363404,11.29093334,22004000,Europe & Central Asia, High income: OECD
2010,Azerbaijan,100.0593201,46,5.599999905,9054332,9.843432393,1280000,Europe & Central Asia,Upper middle income
2010,Bahrain,125.2084477,55,1.100000024,1261319,NA,11952000,Middle East & North Africa,High income: nonOECD
2010,Bangladesh,44.94535882,3.7,4.5,151616777,7.444321081,303000,South Asia, Lower middle income
2010,Barbados,124.8452189,65.1,10.80000019,279566,18.56493063,532000,Latin America & Caribbean,High income: nonOECD
2010,Belarus,108.8697059,31.8,1.200000048,9490000,3.192722033,120000,Europe & Central Asia,Upper middle income
2010,Belgium,111.0841886,75,8.300000191,10920272,44.89322184,7186000,Europe & Central Asia, High income: OECD
2010,Belize,62.93070205,28.2,23.29999924,321609,26.10664538,242000,Latin America & Caribbean,Upper middle income
2010,Benin,74.39604921,3.13,1,9509798,2.936515288,199000,Sub-Saharan Africa,Low income
2010,Bhutan,54.99993723,13.6,3.299999952,720246,14.29788436,41000,South Asia, Lower middle income
2010,Bosnia and Herzegovina,80.87078571,42.75,27.20000076,3835258,30.97367967,365000,Europe & Central Asia,Upper middle income
2010,Botswana,120.0102471,6,17.89999962,2047831,9.190757802,2145000,Sub-Saharan Africa,Upper middle income
2010,Bulgaria,138.0389827,46.23,10.19999981,7395599,91.70623297,6047000,Europe & Central Asia,Upper middle income
2010,Cabo Verde,76.26543014,30,10.69999981,490379,31.28958193,336000,Sub-Saharan Africa, Lower middle income
2010,Cambodia,56.74071111,1.26,0.400000006,14363586,4.013612344,2508000,East Asia & Pacific,Low income
2010,Cameroon,41.8760103,4.3,4.099999905,20590666,1.653697544,573000,Sub-Saharan Africa, Lower middle income
2010,Canada,75.676078,80.3,8.100000381,34005274,24.05296528,16219000,North America, High income: OECD
2010,Cayman Islands,181.174224,66,6.699999809,55509,NA,288000,Latin America & Caribbean,High income: nonOECD
2010,Chile,115.7513836,45,8.100000381,17015048,17.28379881,2801000,Latin America & Caribbean, High income: OECD
2010,China,63.17027802,34.3,2.900000095,1337705000,NA,55664000,East Asia & Pacific,Upper middle income
2010,Colombia,95.76455258,36.5,12,45918101,42.59396833,1405000,Latin America & Caribbean,Upper middle income
2010,Costa Rica,66.9932126,36.5,7.300000191,4545273,19.82199653,2100000,Latin America & Caribbean,Upper middle income
2010,Croatia,113.6081449,56.55,11.60000038,4417781,35.11506328,9111000,Europe & Central Asia,High income: nonOECD
2010,Cuba,8.890583462,15.9,2.5,11308133,NA,2507000,Latin America & Caribbean,Upper middle income
2010,Cyprus,93.69258439,52.99,6.300000191,1103685,58.39744191,2173000,Europe & Central Asia,High income: nonOECD
2010,Czech Republic,122.5551112,68.82,7.300000191,10474410,22.59722226,8185000,Europe & Central Asia, High income: OECD
2010,Denmark,115.669923,88.72,7.5,5547683,40.86845515,8744000,Europe & Central Asia, High income: OECD
2010,Dominican Republic,88.7787084,31.4,12.39999962,9897983,10.06655668,4125000,Latin America & Caribbean,Upper middle income
2010,Ecuador,98.53115831,29.03,5,14934692,33.82008276,1047000,Latin America & Caribbean,Upper middle income
2010,"Egypt, Arab Rep.",90.50319174,21.6,9,82040994,4.808229703,14051000,Middle East & North Africa, Lower middle income
2010,El Salvador,123.8355503,15.9,7,6038306,10.65599011,1150000,Latin America & Caribbean, Lower middle income
2010,Estonia,127.2827876,74.1,16.70000076,1331475,19.53081986,2372000,Europe & Central Asia, High income: OECD
2010,Ethiopia,7.869542323,0.75,18.89999962,87561814,1.369827892,468000,Sub-Saharan Africa,Low income
2010,Faeroe Islands,119.8967346,75.2,6.400000095,48567,NA,NA,Europe & Central Asia,High income: nonOECD
2010,Fiji,81.10077287,20,8.899999619,859952,11.13510972,632000,East Asia & Pacific,Upper middle income
2010,Finland,156.3055115,86.89,8.399999619,5363352,15.49782569,3670000,Europe & Central Asia, High income: OECD
2010,France,91.38732973,77.28,9.300000191,65027512,41.52432319,77648000,Europe & Central Asia, High income: OECD
2010,Gabon,103.4556766,7.23,20.39999962,1541936,5.026162096,NA,Sub-Saharan Africa,Upper middle income
2010,Georgia,90.64792691,26.9,16.29999924,4452800,17.92236662,2032000,Europe & Central Asia, Lower middle income
2010,Germany,106.4836959,82,7.099999905,81776930,15.68417953,26875000,Europe & Central Asia, High income: OECD
2010,Ghana,71.86671124,7.8,4.199999809,24317734,5.360815572,931000,Sub-Saharan Africa, Lower middle income
2010,Greece,110.6455185,44.4,12.5,11153454,40.94544557,15007000,Europe & Central Asia, High income: OECD
2010,Guam,NA,54.04,8.199999809,159440,NA,1196000,East Asia & Pacific,High income: nonOECD
2010,Guatemala,125.9831555,10.5,3.700000048,14732261,35.30595886,1219000,Latin America & Caribbean, Lower middle income
2010,Guinea,36.7781157,1,1.600000024,11012406,1.302888036,12000,Sub-Saharan Africa,Low income
2010,Honduras,124.7187583,11.09,4.800000191,7503875,20.57307313,863000,Latin America & Caribbean, Lower middle income
2010,"Hong Kong SAR, China",195.6692192,72,4.300000191,7024200,23.90141343,20085000,East Asia & Pacific,High income: nonOECD
2010,Hungary,119.9427178,65,11.19999981,10000023,16.74163388,9510000,Europe & Central Asia, High income: OECD
2010,Iceland,107.2427541,93.39,7.599999905,318041,57.65242259,489000,Europe & Central Asia, High income: OECD
2010,India,62.39006487,7.5,3.5,1230984504,10.14111383,5776000,South Asia, Lower middle income
2010,Indonesia,87.79014493,10.92,7.099999905,241613126,8.265391795,7003000,East Asia & Pacific, Lower middle income
2010,"Iran, Islamic Rep.",72.58942289,15.9,13.5,74253373,25.91743564,2938000,Middle East & North Africa,Upper middle income
2010,Ireland,105.2358099,69.85,13.89999962,4560155,28.18712544,7134000,Europe & Central Asia, High income: OECD
2010,Israel,122.7836679,67.5,6,7623600,19.37958838,2803000,Middle East & North Africa, High income: OECD
2010,Italy,154.7970088,53.68,8.399999619,59277417,67.81293553,43626000,Europe & Central Asia, High income: OECD
2010,Jamaica,116.0682988,27.67,12.39999962,2690824,6.598870011,1922000,Latin America & Caribbean,Upper middle income
2010,Japan,96.80752449,78.21,4.900000095,128070000,33.79165398,8611000,East Asia & Pacific, High income: OECD
2010,Jordan,102.5632445,27.2,12.5,6046000,19.33889492,4207000,Middle East & North Africa,Upper middle income
2010,Kazakhstan,121.867001,31.6,5.800000191,16321581,3.296492888,3196000,Europe & Central Asia,Upper middle income
2010,Kiribati,10.83965092,9.07,30.60000038,102648,NA,4700,East Asia & Pacific, Lower middle income
2010,"Korea, Rep.",104.7742463,83.7,3.700000048,49410366,18.26259972,8798000,East Asia & Pacific, High income: OECD
2010,Kuwait,133.0114856,61.4,1.799999952,3059473,16.13416464,207000,Middle East & North Africa,High income: nonOECD
2010,Kyrgyz Republic,98.89869621,16.3,8.600000381,5447900,6.113841215,855000,Europe & Central Asia, Lower middle income
2010,Latvia,110.3123196,68.42,19.5,2097555,34.20988659,1373000,Europe & Central Asia,High income: nonOECD
2010,Liberia,39.69964553,2.3,3.700000048,3957990,3.612373514,NA,Sub-Saharan Africa,Low income
2010,Liechtenstein,98.28349945,80,2.599999905,36276,NA,50000,Europe & Central Asia,High income: nonOECD
2010,Lithuania,159.3953899,62.12,17.79999924,3097282,29.55627126,1507000,Europe & Central Asia,High income: nonOECD
2010,Luxembourg,143.1426406,90.62,4.400000095,506953,88.62159589,805000,Europe & Central Asia, High income: OECD
2010,"Macao SAR, China",209.9151556,55.198,2.799999952,534626,36.21883902,11926000,East Asia & Pacific,High income: nonOECD
2010,"Macedonia, FYR",102.4359533,51.9,32,2062443,25.11908547,262000,Europe & Central Asia,Upper middle income
2010,Madagascar,36.5839289,1.7,3.799999952,21079532,1.46699026,196000,Sub-Saharan Africa,Low income
2010,Malaysia,119.7442976,56.3,3.400000095,28119500,10.85185079,24577000,East Asia & Pacific,Upper middle income
2010,Maldives,151.783883,26.53,11.69999981,367000,14.03090371,792000,South Asia,Upper middle income
2010,Mali,53.19893999,2,7.300000191,15167286,3.884007546,169000,Sub-Saharan Africa,Low income
2010,Malta,107.2611822,63,6.800000191,414508,39.74309248,1339000,Middle East & North Africa,High income: nonOECD
2010,Mauritius,96.7692919,28.33,7.699999809,1250400,21.09877568,935000,Sub-Saharan Africa,Upper middle income
2010,Mexico,77.51826326,31.05,5.199999809,118617542,14.17401541,23290000,Latin America & Caribbean,Upper middle income
2010,Moldova,71.38468703,32.3,7.400000095,3562045,10.37653604,8000,Europe & Central Asia, Lower middle income
2010,Mongolia,92.54376943,10.2,6.5,2712657,54.70418041,456000,East Asia & Pacific,Upper middle income
2010,Montenegro,188.6859395,37.5,19.70000076,619428,39.89131074,1088000,Europe & Central Asia,Upper middle income
2010,Morocco,101.074253,52,9.100000381,32107739,21.13156319,9288000,Middle East & North Africa, Lower middle income
2010,Namibia,89.49525165,11.6,22.10000038,2193643,12.51899052,984000,Sub-Saharan Africa,Upper middle income
2010,Netherlands,115.4301505,90.72,4.5,16615394,23.00962186,10883000,Europe & Central Asia, High income: OECD
2010,New Zealand,107.8263131,80.46,6.5,4350700,34.48696965,2435000,East Asia & Pacific, High income: OECD
2010,Nicaragua,68.05401524,10,8,5737722,6.870966904,1011000,Latin America & Caribbean, Lower middle income
2010,Nigeria,54.66094952,24,21.39999962,159424742,6.513401248,1555000,Sub-Saharan Africa, Lower middle income
2010,Northern Mariana Islands,NA,NA,11.19999981,53860,NA,375000,East Asia & Pacific,High income: nonOECD
2010,Norway,114.4755401,93.39,3.5,4889252,10.95738908,4767000,Europe & Central Asia, High income: OECD
2010,Pakistan,57.28341989,8,5.300000191,170043918,8.384621767,907000,South Asia, Lower middle income
2010,Panama,180.6992035,40.1,6.5,3620506,22.54026465,1324000,Latin America & Caribbean,Upper middle income
2010,Paraguay,91.65810722,19.8,5.699999809,6209877,8.362234188,465000,Latin America & Caribbean,Upper middle income
2010,Peru,99.49532906,34.77,4,29373644,45.51942838,2299000,Latin America & Caribbean,Upper middle income
2010,Philippines,88.98361743,25,7.300000191,93038902,7.740532632,3520000,East Asia & Pacific, Lower middle income
2010,Poland,122.9152946,62.32,9.600000381,38042794,32.10662959,12470000,Europe & Central Asia, High income: OECD
2010,Portugal,115.3032751,53.3,10.80000019,10573100,66.00983321,6756000,Europe & Central Asia, High income: OECD
2010,Puerto Rico,79.09024816,45.3,16.10000038,3721527,NA,3186000,Latin America & Caribbean,High income: nonOECD
2010,Romania,111.4288898,39.93,7,20246871,35.11939344,7498000,Europe & Central Asia,Upper middle income
2010,Russian Federation,165.5010987,43,7.300000191,142849449,35.15688352,22281000,Europe & Central Asia,High income: nonOECD
2010,San Marino,99.11214802,NA,4.400000095,30690,280.5319094,120000,Europe & Central Asia,High income: nonOECD
2010,Serbia,125.300784,40.9,19.20000076,7291436,41.5747424,683000,Europe & Central Asia,Upper middle income
2010,Singapore,145.3956502,71,3.099999905,5076700,10.22333207,9161000,East Asia & Pacific,High income: nonOECD
2010,Slovak Republic,109.04722,75.71,14.39999962,5391428,26.22455727,5415000,Europe & Central Asia, High income: OECD
2010,Slovenia,103.2965118,70,7.199999809,2048583,38.77351839,1869000,Europe & Central Asia, High income: OECD
2010,South Africa,97.90028646,24,24.70000076,50791808,9.854082577,8074000,Sub-Saharan Africa,Upper middle income
2010,Spain,111.275767,65.8,19.89999962,46576897,96.08229386,52677000,Europe & Central Asia, High income: OECD
2010,Sri Lanka,83.62395495,12,4.900000095,20653000,15.5064567,654000,South Asia, Lower middle income
2010,St. Lucia,111.7335693,43.3,20.60000038,177397,21.87078144,306000,Latin America & Caribbean,Upper middle income
2010,Suriname,99.27727827,31.59,7.599999905,518141,11.21115139,205000,Latin America & Caribbean,Upper middle income
2010,Sweden,117.1611493,90,8.600000381,9378126,22.51579696,5183000,Europe & Central Asia, High income: OECD
2010,Switzerland,123.1609109,83.9,4.5,7824909,51.76847929,8628000,Europe & Central Asia, High income: OECD
2010,Syrian Arab Republic,54.31752074,20.7,8.399999619,20720602,3.7288294,8546000,Middle East & North Africa, Lower middle income
2010,Thailand,108.0177685,22.4,1,66692024,11.15838076,15936000,East Asia & Pacific,Upper middle income
2010,Timor-Leste,43.82046413,0.21,3.900000095,1066409,1.958258014,40000,East Asia & Pacific, Lower middle income
2010,Trinidad and Tobago,142.6283511,48.5,5.900000095,1328095,13.48695815,388000,Latin America & Caribbean,High income: nonOECD
2010,Tunisia,104.5370929,36.8,13,10547100,16.55661451,6903000,Middle East & North Africa,Upper middle income
2010,Turkey,85.62758012,39.82,10.69999981,72310416,17.87407808,31364000,Europe & Central Asia,Upper middle income
2010,Ukraine,117.1087348,23.3,8.100000381,45870700,2.321727916,21203000,Europe & Central Asia, Lower middle income
2010,United Kingdom,123.6254863,85,7.800000191,62766365,24.71832387,28295000,Europe & Central Asia, High income: OECD
2010,United States,91.31165202,71.69,9.600000381,309347057,35.2543307,60010000,North America, High income: OECD
2010,Uruguay,131.589018,46.4,7.199999809,3374414,13.58544354,2353000,Latin America & Caribbean,High income: nonOECD
2010,"Venezuela, RB",95.99511185,37.37,8.600000381,28995745,17.06270217,526000,Latin America & Caribbean,High income: nonOECD
2010,West Bank and Gaza,64.88063436,37.4,23.70000076,3811102,10.41785432,522000,Middle East & North Africa, Lower middle income
2010,"Yemen, Rep.",48.6974305,12.35,17.79999924,23591972,1.891996363,1025000,Middle East & North Africa, Lower middle income
2011,Afghanistan,60.32631999,5,8.199999809,28809167,2.309390252,NA,South Asia,Low income
2011,Albania,98.29153459,49,14,2904780,24.29838684,2469000,Europe & Central Asia,Upper middle income
2011,Algeria,94.31443964,14,10,36717132,5.013246116,2395000,Middle East & North Africa,Upper middle income
2011,Argentina,149.0906224,51,7.199999809,41655616,13.15217168,5705000,Latin America & Caribbean,High income: nonOECD
2011,Armenia,108.336201,32,18.39999962,2967984,19.62666196,758000,Europe & Central Asia, Lower middle income
2011,Australia,104.610551,79.48769771,5.099999905,22340024,30.34234126,5771000,East Asia & Pacific, High income: OECD
2011,Austria,154.426039,78.7399931,4.599999905,8391643,15.11338914,23012000,Europe & Central Asia, High income: OECD
2011,Azerbaijan,109.9720704,50,5.400000095,9173082,9.975294011,1562000,Europe & Central Asia,Upper middle income
2011,"Bahamas, The",81.5628489,65,13.69999981,366711,35.36080387,1346000,Latin America & Caribbean,High income: nonOECD
2011,Bahrain,131.009991,76.9999665,1.200000048,1306014,NA,6732000,Middle East & North Africa,High income: nonOECD
2011,Barbados,123.4606322,67,11.19999981,280602,19.74818838,568000,Latin America & Caribbean,High income: nonOECD
2011,Belarus,113.1688625,39.64889566,0.699999988,9473000,2.097520608,116000,Europe & Central Asia,Upper middle income
2011,Belgium,113.5309512,81.609996,7.099999905,11047744,43.40366141,7494000,Europe & Central Asia, High income: OECD
2011,Bhutan,66.37918152,21,3.099999905,732246,16.2467972,66000,South Asia, Lower middle income
2011,Bolivia,80.90771949,30,2.700000048,10078238,9.268285484,711000,Latin America & Caribbean, Lower middle income
2011,Bosnia and Herzegovina,82.60007887,47.77,27.60000038,3832310,31.37652592,392000,Europe & Central Asia,Upper middle income
2011,Brazil,119.0023853,45.69,6.699999809,200517584,45.43298195,5433000,Latin America & Caribbean,Upper middle income
2011,Brunei Darussalam,109.015478,56,1.700000048,399443,22.65556563,242000,East Asia & Pacific,High income: nonOECD
2011,Bulgaria,142.8461575,47.97999305,11.30000019,7348328,59.84301552,6328000,Europe & Central Asia,Upper middle income
2011,Cambodia,94.18821019,3.1,0.200000003,14593099,4.164757073,2882000,East Asia & Pacific,Low income
2011,Canada,77.82549309,83,7.5,34342780,24.1762084,16014000,North America, High income: OECD
2011,Cayman Islands,170.9810781,69.46594499,6.800000191,56580,NA,309000,Latin America & Caribbean,High income: nonOECD
2011,Chile,128.9269073,52.24960729,7.099999905,17201305,17.19200274,3137000,Latin America & Caribbean, High income: OECD
2011,China,72.0713209,38.3,4.099999905,1344130000,NA,57581000,East Asia & Pacific,Upper middle income
2011,Colombia,98.13425332,40.35091575,11.10000038,46406446,72.23664621,2042000,Latin America & Caribbean,Upper middle income
2011,Costa Rica,87.66035275,39.212196,7.699999809,4600487,22.53488191,2192000,Latin America & Caribbean,Upper middle income
2011,Croatia,118.3013547,57.78997899,13.69999981,4280622,35.79043719,9927000,Europe & Central Asia,High income: nonOECD
2011,Cuba,11.66313248,16.0172908,3.200000048,11323570,NA,2688000,Latin America & Caribbean,Upper middle income
2011,Cyprus,97.70992366,56.85989235,7.900000095,1116644,55.8703483,2392000,Europe & Central Asia,High income: nonOECD
2011,Czech Republic,124.0943746,70.49,6.699999809,10496088,23.2768068,8508000,Europe & Central Asia, High income: OECD
2011,Denmark,128.661526,89.81001339,7.599999905,5570572,38.72176103,7864000,Europe & Central Asia, High income: OECD
2011,Dominican Republic,86.43207979,38,14.69999981,10027140,10.48771721,4306000,Latin America & Caribbean,Upper middle income
2011,Ecuador,100.5655994,31.36680836,4.199999809,15177280,41.7847565,1141000,Latin America & Caribbean,Upper middle income
2011,"Egypt, Arab Rep.",105.0794228,25.6,12,83787634,4.831294545,9497000,Middle East & North Africa, Lower middle income
2011,El Salvador,132.9256445,18.9,6.599999905,6055208,11.45517219,1184000,Latin America & Caribbean, Lower middle income
2011,Estonia,143.9260625,76.5,12.30000019,1327439,17.39327105,2665000,Europe & Central Asia, High income: OECD
2011,Ethiopia,15.80285822,1.1,18,89858696,1.907786965,523000,Sub-Saharan Africa,Low income
2011,Faeroe Islands,118.0097274,80.7321728,5.300000191,48492,NA,NA,Europe & Central Asia,High income: nonOECD
2011,Fiji,83.76338399,28,9,867327,10.86292119,675000,East Asia & Pacific,Upper middle income
2011,Finland,165.8909009,88.70999491,7.800000191,5388272,15.08063967,4192000,Europe & Central Asia, High income: OECD
2011,France,94.0767743,77.81999899,9.199999809,65342776,41.30638836,81550000,Europe & Central Asia, High income: OECD
2011,Georgia,101.2829241,31.52,15.10000038,4483350,19.63426624,2822000,Europe & Central Asia, Lower middle income
2011,Germany,109.6595675,81.26999954,5.800000191,81797673,15.51967742,28374000,Europe & Central Asia, High income: OECD
2011,Greece,109.0787779,51.64999517,17.79999924,11123213,39.3737949,16427000,Europe & Central Asia, High income: OECD
2011,Greenland,103.7367994,64,9.399999619,56890,NA,NA,Europe & Central Asia,High income: nonOECD
2011,Guam,NA,57.7,13.30000019,160858,NA,1160000,East Asia & Pacific,High income: nonOECD
2011,Guatemala,132.4516485,12.3,4.099999905,15049280,36.11405744,1225000,Latin America & Caribbean, Lower middle income
2011,Guinea,43.54770359,1.3,1.700000048,11316351,1.437276281,131000,Sub-Saharan Africa,Low income
2011,Honduras,103.6720092,15.9,4.400000095,7621414,20.89467093,871000,Latin America & Caribbean, Lower middle income
2011,"Hong Kong SAR, China",215.5038098,72.2,3.400000095,7071600,23.90653677,22316000,East Asia & Pacific,High income: nonOECD
2011,Hungary,116.9434928,68.01998789,11,9971727,16.41791578,10250000,Europe & Central Asia, High income: OECD
2011,Iceland,106.8414418,94.8196868,7,319014,52.24065962,566000,Europe & Central Asia, High income: OECD
2011,Indonesia,102.4626496,12.28,6.599999905,244808254,8.690290663,7650000,East Asia & Pacific, Lower middle income
2011,Iraq,80.15512761,5,8,31810191,4.9015391,1510000,Middle East & North Africa,Upper middle income
2011,Ireland,108.479355,74.88997297,14.60000038,4576794,27.15349704,7630000,Europe & Central Asia, High income: OECD
2011,Isle of Man,NA,NA,3.299999952,85069,NA,NA,Europe & Central Asia,High income: nonOECD
2011,Israel,121.9782701,68.87387799,5.099999905,7765800,20.09733209,2820000,Middle East & North Africa, High income: OECD
2011,Italy,158.145883,54.3899983,8.399999619,59379449,67.477457,46119000,Europe & Central Asia, High income: OECD
2011,Jamaica,106.9237357,37.43861341,12.69999981,2699838,6.47013665,1952000,Latin America & Caribbean,Upper middle income
2011,Japan,104.2742326,79.05411352,4.400000095,127817277,33.8629838,6219000,East Asia & Pacific, High income: OECD
2011,Jordan,111.1631725,34.9,12.89999962,6181000,19.68822707,3960000,Middle East & North Africa,Upper middle income
2011,Kazakhstan,156.7946524,50.6,5.400000095,16556600,3.357670196,4434000,Europe & Central Asia,Upper middle income
2011,"Korea, Rep.",107.7446102,83.75912015,3.400000095,49779440,18.30243845,9795000,East Asia & Pacific, High income: OECD
2011,Kuwait,157.9080265,65.76907069,3.599999905,3239181,16.61412701,269000,Middle East & North Africa,High income: nonOECD
2011,Kyrgyz Republic,116.1691884,17.5,8.5,5514600,7.159007249,2278000,Europe & Central Asia, Lower middle income
2011,Latvia,111.3637843,69.74995456,16.20000076,2059709,32.80961517,1493000,Europe & Central Asia,High income: nonOECD
2011,Liechtenstein,101.5994284,85,2.400000095,36537,NA,53000,Europe & Central Asia,High income: nonOECD
2011,Lithuania,162.221828,63.6399774,15.39999962,3028115,NA,1775000,Europe & Central Asia,High income: nonOECD
2011,Luxembourg,148.1506658,90.02985856,4.900000095,518347,85.38439667,870000,Europe & Central Asia, High income: OECD
2011,"Macao SAR, China",247.7116047,60.20369672,2.599999905,546682,36.77031289,12925000,East Asia & Pacific,High income: nonOECD
2011,"Macedonia, FYR",105.1967071,56.7,31.39999962,2065888,23.68769906,327000,Europe & Central Asia,Upper middle income
2011,Malaysia,127.477801,61,3.099999905,28572970,11.18618461,24714000,East Asia & Pacific,Upper middle income
2011,Mali,75.06504419,2.2,6.900000095,15639115,4.524966811,160000,Sub-Saharan Africa,Low income
2011,Malta,122.3737909,68.01982379,6.400000095,416268,41.69815677,1415000,Middle East & North Africa,High income: nonOECD
2011,Marshall Islands,NA,10,4.699999809,52541,20.84183072,4600,East Asia & Pacific,Upper middle income
2011,Mauritius,104.7930618,34.95,7.900000095,1252404,21.42969582,965000,Sub-Saharan Africa,Upper middle income
2011,Mexico,79.24118294,37.17629541,5.199999809,120365271,14.21155932,23403000,Latin America & Caribbean,Upper middle income
2011,Moldova,90.80797013,38,6.699999809,3559986,11.27569557,9000,Europe & Central Asia, Lower middle income
2011,Mongolia,106.8296923,12.49999111,4.800000191,2759074,65.80978233,460000,East Asia & Pacific,Upper middle income
2011,Montenegro,186.7595594,35.61154125,19.70000076,620079,40.34635605,1201000,Europe & Central Asia,Upper middle income
2011,Morocco,114.019338,46.1074826,8.899999619,32531964,22.20935729,9342000,Middle East & North Africa, Lower middle income
2011,Namibia,98.95730464,12,26.79999924,2240161,12.55430625,1027000,Sub-Saharan Africa,Upper middle income
2011,Netherlands,118.9791426,91.41999576,4.400000095,16693074,21.30744152,11300000,Europe & Central Asia, High income: OECD
2011,New Zealand,109.1999113,81.23,6.5,4384000,33.85419569,2511000,East Asia & Pacific, High income: OECD
2011,Nigeria,57.96066304,28.43,23.89999962,163770669,6.35470037,715000,Sub-Saharan Africa, Lower middle income
2011,Norway,115.8117293,93.48998265,3.200000048,4953088,10.72843572,4963000,Europe & Central Asia, High income: OECD
2011,Pakistan,61.81345992,9,5.699999809,173669648,8.543941248,1161000,South Asia, Lower middle income
2011,Panama,180.0781064,42.7,4.5,3681979,22.47791731,1473000,Latin America & Caribbean,Upper middle income
2011,Paraguay,99.32993534,24.76351588,4.300000191,6293763,9.261770631,524000,Latin America & Caribbean,Upper middle income
2011,Peru,109.6118145,36.01,3.900000095,29759891,55.58376229,2598000,Latin America & Caribbean,Upper middle income
2011,Philippines,99.09141423,29,7,94501233,7.850076991,3917000,East Asia & Pacific, Lower middle income
2011,Poland,131.2936783,61.94999897,9.600000381,38063255,32.48239407,13350000,Europe & Central Asia, High income: OECD
2011,Portugal,116.3901378,55.24999688,12.69999981,10557560,64.12522701,7264000,Europe & Central Asia, High income: OECD
2011,Puerto Rico,83.97889108,48,15.69999981,3686771,NA,3048000,Latin America & Caribbean,High income: nonOECD
2011,Qatar,120.4784442,69,0.600000024,1905437,13.2873104,2057000,Middle East & North Africa,High income: nonOECD
2011,Romania,107.3871984,40.00999678,7.199999809,20147528,34.93666362,7611000,Europe & Central Asia,Upper middle income
2011,Russian Federation,142.0484328,49,6.5,142960868,36.82822661,24932000,Europe & Central Asia,High income: nonOECD
2011,Samoa,NA,11,5.699999809,187434,18.09143981,121000,East Asia & Pacific, Lower middle income
2011,San Marino,114.2263592,49.6,5.099999905,30938,263.5632554,156000,Europe & Central Asia,High income: nonOECD
2011,Saudi Arabia,194.5123877,47.5,5.800000191,28788438,8.60966463,17498000,Middle East & North Africa,High income: nonOECD
2011,Senegal,70.16017194,9.8,10.39999962,13357003,4.454579448,968000,Sub-Saharan Africa, Lower middle income
2011,Serbia,130.248336,42.2,23,7234099,40.07243069,764000,Europe & Central Asia,Upper middle income
2011,Seychelles,137.903463,43.16400446,4.099999905,87441,47.02725052,194000,Sub-Saharan Africa,High income: nonOECD
2011,Singapore,150.1160495,71,2.900000095,5183700,9.961386679,10390000,East Asia & Pacific,High income: nonOECD
2011,Slovak Republic,109.9775874,74.43999717,13.60000038,5398384,25.89859254,5961000,Europe & Central Asia, High income: OECD
2011,Slovenia,105.1696645,67.33999481,8.199999809,2052843,38.26790346,2037000,Europe & Central Asia, High income: OECD
2011,South Africa,123.1976544,33.97,24.60000038,51553479,10.29162984,8339000,Sub-Saharan Africa,Upper middle income
2011,Spain,113.0635394,67.6,21.39999962,46742697,88.54271058,56177000,Europe & Central Asia, High income: OECD
2011,Sri Lanka,87.54590803,15,4.199999809,20869000,16.85847814,856000,South Asia, Lower middle income
2011,St. Lucia,120.7836181,44,18.89999962,179278,21.4996379,312000,Latin America & Caribbean,Upper middle income
2011,Sweden,121.2222926,92.76998606,7.800000191,9449213,21.72690323,5222000,Europe & Central Asia, High income: OECD
2011,Switzerland,127.383212,85.19302818,4,7912398,50.21399352,8534000,Europe & Central Asia, High income: OECD
2011,Syrian Arab Republic,59.24043734,22.5,14.89999962,21070917,3.853836293,5070000,Middle East & North Africa, Lower middle income
2011,Tanzania,55.36980391,3.2,3.5,47122998,1.889500808,843000,Sub-Saharan Africa,Low income
2011,Thailand,116.331131,23.66992562,0.699999988,66902958,11.47934037,19230000,East Asia & Pacific,Upper middle income
2011,Trinidad and Tobago,136.9908228,55.2,4.699999809,1334790,12.58190049,431000,Latin America & Caribbean,High income: nonOECD
2011,Tunisia,115.2010779,39.1,18.29999924,10673800,16.98197191,4785000,Middle East & North Africa,Upper middle income
2011,Turkey,89.41002295,43.06571043,8.800000191,73199372,18.25419918,34654000,Europe & Central Asia,Upper middle income
2011,Ukraine,121.3388196,28.70826284,7.900000095,45706100,1.597668528,21415000,Europe & Central Asia, Lower middle income
2011,United Kingdom,123.6041988,85.37999855,8,63258918,24.05422329,29306000,Europe & Central Asia, High income: OECD
2011,United States,94.44042596,69.72946076,9,311721632,35.00706415,62821000,North America, High income: OECD
2011,Uruguay,140.6072022,51.40466106,6.300000191,3385610,13.53601848,2857000,Latin America & Caribbean,High income: nonOECD
2011,"Venezuela, RB",97.56403127,40.22,8.300000191,29427631,16.61130747,595000,Latin America & Caribbean,High income: nonOECD
2011,Vietnam,141.5998702,35.07,2,87840000,3.567126916,6014000,East Asia & Pacific, Lower middle income
2011,West Bank and Gaza,70.1221307,41.08,21,3927051,10.59649258,449000,Middle East & North Africa, Lower middle income
2011,Zimbabwe,68.86878087,15.7,5.400000095,14255592,5.905819213,2423000,Sub-Saharan Africa,Low income
2012,Albania,110.6865316,54.65595904,13.39999962,2900489,24.27876289,3156000,Europe & Central Asia,Upper middle income
2012,Algeria,97.52089467,15.22802676,11,37439427,5.058983035,2634000,Middle East & North Africa,Upper middle income
2012,Argentina,156.564756,55.8,7.199999809,42095224,13.25689692,5587000,Latin America & Caribbean,High income: nonOECD
2012,Armenia,111.9146632,37.5,17.29999924,2978339,20.88775495,963000,Europe & Central Asia, Lower middle income
2012,Australia,105.585695,79,5.199999809,22728254,30.93024355,6032000,East Asia & Pacific, High income: OECD
2012,Austria,160.5397387,80.02999392,4.900000095,8429991,15.99939306,24151000,Europe & Central Asia, High income: OECD
2012,Azerbaijan,108.7683381,54.2,5.199999809,9295784,9.657146807,1986000,Europe & Central Asia,Upper middle income
2012,"Bahamas, The",80.65383375,71.74820281,14,372388,34.98710323,1422000,Latin America & Caribbean,High income: nonOECD
2012,Bahrain,161.1670576,88,1.200000048,1333577,NA,8062000,Middle East & North Africa,High income: nonOECD
2012,Barbados,123.3298378,70,11.60000038,281580,20.48555216,536000,Latin America & Caribbean,High income: nonOECD
2012,Belarus,113.5179254,46.91,0.600000024,9464000,1.705140171,119000,Europe & Central Asia,Upper middle income
2012,Belgium,111.3315482,80.71999055,7.5,11128246,42.42308852,7560000,Europe & Central Asia, High income: OECD
2012,Belize,53.20712214,31,14.39999962,336707,24.46080418,277000,Latin America & Caribbean,Upper middle income
2012,Bermuda,139.5363101,91.29930452,8.399999619,64798,NA,232000,North America,High income: nonOECD
2012,Bhutan,75.6097824,24,2.099999905,743711,12.44930734,105000,South Asia, Lower middle income
2012,Bosnia and Herzegovina,87.57471473,52.78,28.10000038,3828419,30.58720819,439000,Europe & Central Asia,Upper middle income
2012,Brazil,125.0018521,48.56,6.099999905,202401584,46.52309981,5677000,Latin America & Caribbean,Upper middle income
2012,Bulgaria,148.1311121,51.89998767,12.30000019,7305888,61.16490044,6541000,Europe & Central Asia,Upper middle income
2012,Cambodia,128.5272115,4.94,0.200000003,14832255,4.38269659,3584000,East Asia & Pacific,Low income
2012,Canada,79.56833775,83,7.300000191,34754312,24.26501824,16344000,North America, High income: OECD
2012,Cayman Islands,171.6762203,74.12653069,6.199999809,57522,NA,322000,Latin America & Caribbean,High income: nonOECD
2012,Chile,137.0811793,61.41815456,6.400000095,17388437,17.0710463,3554000,Latin America & Caribbean, High income: OECD
2012,China,80.76271455,42.30011749,4.099999905,1350695000,7.723638534,57725000,East Asia & Pacific,Upper middle income
2012,Colombia,102.8549384,48.98,10.60000038,46881018,112.2649994,2175000,Latin America & Caribbean,Upper middle income
2012,Costa Rica,111.9199133,47.5,7.800000191,4654148,22.40891686,2343000,Latin America & Caribbean,Upper middle income
2012,Croatia,115.4136047,61.93997315,15.89999962,4267558,35.47311923,10369000,Europe & Central Asia,High income: nonOECD
2012,Cuba,14.92016162,21.2,3.5,11342631,NA,2815000,Latin America & Caribbean,Upper middle income
2012,Cyprus,98.40043437,60.6898684,11.80000019,1129303,52.28358455,2465000,Europe & Central Asia,High income: nonOECD
2012,Czech Republic,126.8464851,73.43000782,7,10510785,23.83981227,8908000,Europe & Central Asia, High income: OECD
2012,Denmark,130.2798977,92.26001172,7.5,5591572,34.12108234,8443000,Europe & Central Asia, High income: OECD
2012,Dominican Republic,86.93709732,41.2,14.69999981,10155036,10.32333612,4563000,Latin America & Caribbean,Upper middle income
2012,Ecuador,106.2255329,35.13514645,4.099999905,15419493,77.19400189,1272000,Latin America & Caribbean,Upper middle income
2012,"Egypt, Arab Rep.",119.9164442,26.4,12.69999981,85660902,4.789380208,11196000,Middle East & North Africa, Lower middle income
2012,El Salvador,137.3425261,20.32138772,6.099999905,6072233,11.00932894,1255000,Latin America & Caribbean, Lower middle income
2012,Estonia,160.4107755,78.38992593,10,1322696,16.05118482,2744000,Europe & Central Asia, High income: OECD
2012,Ethiopia,22.37451927,1.482810139,17.60000038,92191211,2.945128333,597000,Sub-Saharan Africa,Low income
2012,Faeroe Islands,118.6159253,85.33518924,3,48393,NA,NA,Europe & Central Asia,High income: nonOECD
2012,Fiji,98.17854865,33.74235675,9,874158,10.44790947,661000,East Asia & Pacific,Upper middle income
2012,Finland,172.3224293,89.87999797,7.699999809,5413971,13.59039649,4226000,Europe & Central Asia, High income: OECD
2012,France,97.37775287,81.44,9.800000191,65639975,38.90907397,83051000,Europe & Central Asia, High income: OECD
2012,French Polynesia,82.53778112,52.87663059,21.79999924,273775,NA,169000,East Asia & Pacific,High income: nonOECD
2012,"Gambia, The",85.20375721,12.44922872,29.79999924,1807108,8.771196676,157000,Sub-Saharan Africa,Low income
2012,Georgia,107.809112,36.94,15,4490700,23.02976921,4428000,Europe & Central Asia, Lower middle income
2012,Germany,111.5940398,82.34999847,5.400000095,80425823,14.15152763,30411000,Europe & Central Asia, High income: OECD
2012,Greece,120.0963016,55.06999344,24.10000038,11092771,37.41964738,15518000,Europe & Central Asia, High income: OECD
2012,Guam,NA,61.53415931,12.19999981,162807,NA,1308000,East Asia & Pacific,High income: nonOECD
2012,Guatemala,137.8194849,16,2.900000095,15368759,36.63163216,1305000,Latin America & Caribbean, Lower middle income
2012,Guinea,48.76925037,1.490144366,1.700000048,11628767,1.578250705,96000,Sub-Saharan Africa,Low income
2012,"Hong Kong SAR, China",229.2446254,72.9,3.299999952,7154600,23.36697363,23770000,East Asia & Pacific,High income: nonOECD
2012,Hungary,116.070556,70.57999815,11,9920362,16.08047504,10353000,Europe & Central Asia, High income: OECD
2012,Iceland,108.054513,96.20979955,6,320716,47.18768343,673000,Europe & Central Asia, High income: OECD
2012,India,69.92238977,12.58006091,3.599999905,1263589639,11.31489156,6578000,South Asia, Lower middle income
2012,Indonesia,114.218131,14.52,6.099999905,248037853,9.590508487,8044000,East Asia & Pacific, Lower middle income
2012,Ireland,107.2128919,76.91999254,14.69999981,4586897,24.56431262,7550000,Europe & Central Asia, High income: OECD
2012,Israel,120.6843884,70.8,6.900000095,7910500,20.05962352,2886000,Middle East & North Africa, High income: OECD
2012,Italy,159.6276155,55.82999799,10.69999981,59539717,65.94717438,46360000,Europe & Central Asia, High income: OECD
2012,Jamaica,98.04968759,33.79,13.69999981,2707805,6.39239532,1986000,Latin America & Caribbean,Upper middle income
2012,Japan,110.9073543,79.4964,4.199999809,127561489,33.91746161,8358000,East Asia & Pacific, High income: OECD
2012,Jordan,128.1735327,37,12.19999981,6318000,19.79850685,4162000,Middle East & North Africa,Upper middle income
2012,Kazakhstan,185.8215629,53.31566912,5.300000191,16791425,3.315546001,4807000,Europe & Central Asia,Upper middle income
2012,"Korea, Rep.",109.4316142,84.07,3.200000048,50004441,18.41311399,11140000,East Asia & Pacific, High income: OECD
2012,Kosovo,NA,NA,30.89999962,1805200,23.66063593,NA,Europe & Central Asia, Lower middle income
2012,Kyrgyz Republic,124.1795305,19.8,8.399999619,5607200,7.691579965,2406000,Europe & Central Asia, Lower middle income
2012,Latvia,127.6857527,73.11994377,15,2034319,24.68487497,1435000,Europe & Central Asia,High income: nonOECD
2012,Libya,155.7690861,NA,19,6283403,11.70024919,NA,Middle East & North Africa,Upper middle income
2012,Liechtenstein,98.42863378,89.4077,2.5,36791,NA,54000,Europe & Central Asia,High income: nonOECD
2012,Lithuania,165.055831,67.22998933,13.39999962,2987773,NA,1900000,Europe & Central Asia,High income: nonOECD
2012,Luxembourg,145.3599468,91.94992374,5.099999905,530946,82.59808029,950000,Europe & Central Asia, High income: OECD
2012,"Macao SAR, China",289.7820156,61.31,2,557763,36.62973689,13577000,East Asia & Pacific,High income: nonOECD
2012,"Macedonia, FYR",106.1686238,57.44994731,31,2069270,24.17200879,351000,Europe & Central Asia,Upper middle income
2012,Madagascar,39.37666576,2.3,1.299999952,22293720,1.613062855,256000,Sub-Saharan Africa,Low income
2012,Malaysia,141.3296962,65.8,3,29021940,11.07862046,25033000,East Asia & Pacific,Upper middle income
2012,Malta,124.4209424,68.19987429,6.300000191,419455,38.13575654,1443000,Middle East & North Africa,High income: nonOECD
2012,Mauritius,119.8654035,35.42,8.699999809,1255882,21.7447278,965000,Sub-Saharan Africa,Upper middle income
2012,Mexico,83.35070827,39.75,4.800000191,122070963,15.08192629,23403000,Latin America & Caribbean,Upper middle income
2012,Moldova,101.9890274,43.37,5.599999905,3559519,11.47565347,11000,Europe & Central Asia, Lower middle income
2012,Mongolia,120.6945936,16.4,8.199999809,2808339,68.43133914,476000,East Asia & Pacific,Upper middle income
2012,Montenegro,159.539416,56.83878255,19.60000038,620601,40.58802676,1264000,Europe & Central Asia,Upper middle income
2012,Morocco,119.9722162,55.41605319,9,32984190,23.29386877,9375000,Middle East & North Africa, Lower middle income
2012,Mozambique,34.93571402,4.8491,22.60000038,25732928,3.777682554,2113000,Sub-Saharan Africa,Low income
2012,Namibia,95.01813098,12.9414,16.70000076,2291645,12.35386522,1079000,Sub-Saharan Africa,Upper middle income
2012,Netherlands,117.9668468,92.85999236,5.300000191,16754962,19.65144235,11680000,Europe & Central Asia, High income: OECD
2012,New Zealand,110.3624066,82,6.900000095,4408100,33.25716598,2473000,East Asia & Pacific, High income: OECD
2012,Nigeria,66.79811805,32.8,7.599999905,168240403,5.7649627,486000,Sub-Saharan Africa, Lower middle income
2012,Norway,116.092253,94.64997805,3.099999905,5018573,9.943011203,NA,Europe & Central Asia, High income: OECD
2012,Panama,163.4167491,40.30189522,4,3743761,22.07900921,1606000,Latin America & Caribbean,Upper middle income
2012,Paraguay,101.5901938,29.34,4.900000095,6379162,9.743002847,579000,Latin America & Caribbean,Upper middle income
2012,Peru,98.00011004,38.2,3.599999905,30158768,71.52664254,2846000,Latin America & Caribbean,Upper middle income
2012,Philippines,105.4510985,36.2351,7,96017322,8.126589914,4273000,East Asia & Pacific, Lower middle income
2012,Poland,141.5464567,62.30999727,10.10000038,38063164,33.90772116,14840000,Europe & Central Asia, High income: OECD
2012,Portugal,112.3895255,60.33999749,15.5,10514844,61.30918745,7503000,Europe & Central Asia, High income: OECD
2012,Puerto Rico,82.55282485,68.9999826,14.5,3642281,NA,3069000,Latin America & Caribbean,High income: nonOECD
2012,Qatar,126.8564857,69.3,0.5,2015624,13.21592367,2346000,Middle East & North Africa,High income: nonOECD
2012,Romania,104.9886091,45.87999425,6.800000191,20058035,32.91797472,7937000,Europe & Central Asia,Upper middle income
2012,Russian Federation,145.3276296,63.8,5.5,143201676,38.30485499,28177000,Europe & Central Asia,High income: nonOECD
2012,Rwanda,49.66704344,8.023854277,3.400000095,10817350,5.489645627,815000,Sub-Saharan Africa,Low income
2012,Samoa,53.10102759,12.92249,8.699999809,188901,18.7495737,126000,East Asia & Pacific, Lower middle income
2012,San Marino,115.2110603,NA,6.099999905,31172,265.6801543,139000,Europe & Central Asia,High income: nonOECD
2012,Saudi Arabia,187.3595577,54,5.599999905,29496047,8.642406598,14276000,Middle East & North Africa,High income: nonOECD
2012,Serbia,117.7744571,48.1,23.89999962,7199077,37.82381321,810000,Europe & Central Asia,Upper middle income
2012,Singapore,152.1251818,72,2.799999952,5312400,9.758464109,11098000,East Asia & Pacific,High income: nonOECD
2012,Slovak Republic,111.9121915,76.70999012,14,5407579,26.56505296,6235000,Europe & Central Asia, High income: OECD
2012,Slovenia,108.3881402,68.34997453,8.800000191,2057159,38.39257381,2156000,Europe & Central Asia, High income: OECD
2012,South Africa,130.557982,41,24.70000076,52341695,10.01424195,9188000,Sub-Saharan Africa,Upper middle income
2012,Spain,108.3640175,69.80999994,24.79999924,46773055,84.11172125,57464000,Europe & Central Asia, High income: OECD
2012,Sri Lanka,91.63310875,18.2854,4,20328000,18.09379697,1006000,South Asia, Lower middle income
2012,St. Lucia,119.4227898,45.9,19.10000038,180890,21.18226268,307000,Latin America & Caribbean,Upper middle income
2012,Sweden,124.57217,93.17998801,8,9519374,21.83151361,5146000,Europe & Central Asia, High income: OECD
2012,Switzerland,132.0563723,85.2,4.199999809,7996861,48.84081168,8566000,Europe & Central Asia, High income: OECD
2012,Thailand,127.2920547,26.46,0.699999988,67164130,11.82686259,22354000,East Asia & Pacific,Upper middle income
2012,Trinidad and Tobago,140.8425356,59.5162,5,1341579,12.7335425,455000,Latin America & Caribbean,High income: nonOECD
2012,Tunisia,118.1056496,41.4416,17.60000038,10777500,17.53548606,5950000,Middle East & North Africa,Upper middle income
2012,Turkey,91.46374843,45.13,8.100000381,74099255,18.66965673,35698000,Europe & Central Asia,Upper middle income
2012,Ukraine,130.3399209,35.27,7.5,45593300,1.068269607,23013000,Europe & Central Asia, Lower middle income
2012,United Kingdom,124.7618169,87.47999842,7.900000095,63700300,22.07965606,29282000,Europe & Central Asia, High income: OECD
2012,United States,96.01037609,79.3,8.100000381,314112078,34.78965085,66657000,North America, High income: OECD
2012,Uruguay,147.1306851,54.45376868,6.5,3396753,12.73276989,2695000,Latin America & Caribbean,High income: nonOECD
2012,"Venezuela, RB",102.0507277,49.05008307,8.100000381,29854238,16.60643456,988000,Latin America & Caribbean,High income: nonOECD
2012,Vietnam,145.0218721,39.49,1.799999952,88772900,3.129892072,6848000,East Asia & Pacific, Lower middle income
2012,West Bank and Gaza,74.30363013,43.4,23,4046901,10.37643012,490000,Middle East & North Africa, Lower middle income
2012,Zambia,74.77514723,13.4682,7.900000095,14786581,4.441346037,859000,Sub-Saharan Africa, Lower middle income
2012,Zimbabwe,91.90938245,17.09,11.10000038,14565482,12.03497218,1794000,Sub-Saharan Africa,Low income
2013,Albania,116.1572081,57.2,15.60000038,2897366,23.69911564,2857000,Europe & Central Asia,Upper middle income
2013,Algeria,100.7877205,16.5,9.800000191,38186135,5.064044269,NA,Middle East & North Africa,Upper middle income
2013,Argentina,162.5274217,59.9,6.599999905,42538304,13.30162343,5571000,Latin America & Caribbean,High income: nonOECD
2013,Armenia,112.4206552,41.9,16.20000076,2992192,21.31561133,1084000,Europe & Central Asia, Lower middle income
2013,Australia,106.8434974,83,5.699999809,23125868,30.189884,6382000,East Asia & Pacific, High income: OECD
2013,Austria,156.2304116,80.6188,5.300000191,8479375,15.58411628,24813000,Europe & Central Asia, High income: OECD
2013,Azerbaijan,107.6134072,58.7,5,9416801,10.14314391,2130000,Europe & Central Asia,Upper middle income
2013,"Bahamas, The",76.05187427,72,16.20000076,377841,34.01921917,1364000,Latin America & Caribbean,High income: nonOECD
2013,Barbados,108.1027529,73,11.5,282503,19.05529066,509000,Latin America & Caribbean,High income: nonOECD
2013,Belarus,118.786176,54.17,0.5,9466000,1.559108299,137000,Europe & Central Asia,Upper middle income
2013,Belgium,110.9031799,82.1702,8.399999619,11182817,41.38588026,7684000,Europe & Central Asia, High income: OECD
2013,Belize,52.61072612,33.6,11.69999981,344193,25.05455059,294000,Latin America & Caribbean,Upper middle income
2013,Bermuda,144.3197992,95.3,6.699999809,65001,NA,236000,North America,High income: nonOECD
2013,Bhutan,72.19831102,29.9,2.900000095,754637,16.0409764,116000,South Asia, Lower middle income
2013,Bosnia and Herzegovina,91.09530785,57.79,27.5,3823533,30.82727709,529000,Europe & Central Asia,Upper middle income
2013,Brazil,135.3050481,51.04,6.5,204259377,46.99370062,5813000,Latin America & Caribbean,Upper middle income
2013,Bulgaria,145.1876887,53.0615,12.89999962,7265115,60.59734439,6898000,Europe & Central Asia,Upper middle income
2013,Cambodia,133.8902393,6.8,0.300000012,15078564,4.668941377,4210000,East Asia & Pacific,Low income
2013,Canada,80.61008074,85.8,7.099999905,35158304,24.23639806,16590000,North America, High income: OECD
2013,Cayman Islands,167.7693163,74.1,6.300000191,58369,NA,345000,Latin America & Caribbean,High income: nonOECD
2013,Chile,134.2890529,66.5,5.900000095,17575833,16.95121502,3576000,Latin America & Caribbean, High income: OECD
2013,China,88.70833462,45.8,4.099999905,1357380000,7.811377883,55686000,East Asia & Pacific,Upper middle income
2013,Colombia,104.0845439,51.7,8.899999619,47342363,144.3012056,2288000,Latin America & Caribbean,Upper middle income
2013,Costa Rica,145.9716479,45.96,8.5,4706433,21.89759867,2428000,Latin America & Caribbean,Upper middle income
2013,Croatia,110.0543067,66.7476,17.29999924,4255689,34.56257226,10955000,Europe & Central Asia,High income: nonOECD
2013,Cuba,17.71492741,27.93,3.299999952,11362505,NA,2829000,Latin America & Caribbean,Upper middle income
2013,Cyprus,96.35942536,65.4548,15.89999962,1141652,39.26050931,2405000,Europe & Central Asia,High income: nonOECD
2013,Czech Republic,127.7307828,74.1104,7,10514272,24.34230521,9004000,Europe & Central Asia, High income: OECD
2013,Denmark,127.1176716,94.6297,7,5614932,30.11678948,8557000,Europe & Central Asia, High income: OECD
2013,Dominican Republic,88.43350015,45.9,15,10281408,11.47102149,4690000,Latin America & Caribbean,Upper middle income
2013,Ecuador,105.6444776,40.35368423,4.199999809,15661312,78.5152374,1364000,Latin America & Caribbean,Upper middle income
2013,"Egypt, Arab Rep.",121.507893,29.4,13.19999981,87613909,4.787505972,9174000,Middle East & North Africa, Lower middle income
2013,El Salvador,141.8179045,23.1093,5.900000095,6089644,11.66539766,1283000,Latin America & Caribbean, Lower middle income
2013,Estonia,159.6607033,79.4,8.600000381,1317997,13.97118235,2868000,Europe & Central Asia, High income: OECD
2013,Ethiopia,27.25468539,1.9,4.5,94558374,NA,681000,Sub-Saharan Africa,Low income
2013,Faeroe Islands,120.681639,90,4,48292,NA,NA,Europe & Central Asia,High income: nonOECD
2013,Finland,136.578674,91.5144,8.199999809,5438972,12.21267024,NA,Europe & Central Asia, High income: OECD
2013,France,98.49547248,81.9198,9.899999619,65925498,38.56217781,84726000,Europe & Central Asia, High income: OECD
2013,Georgia,115.0251043,43.3,14.60000038,4487200,25.07889505,5392000,Europe & Central Asia, Lower middle income
2013,Germany,120.9211651,84.17,5.199999809,80645605,14.86699579,31545000,Europe & Central Asia, High income: OECD
2013,Ghana,108.1911482,12.3,5.199999809,26164432,5.858438793,NA,Sub-Saharan Africa, Lower middle income
2013,Greece,116.8206478,59.8663,27.29999924,11027549,32.29923086,17920000,Europe & Central Asia, High income: OECD
2013,Greenland,105.9890852,65.8,9.699999809,56483,NA,NA,Europe & Central Asia,High income: nonOECD
2013,Guam,NA,65.4,11.5,165121,NA,1334000,East Asia & Pacific,High income: nonOECD
2013,Guatemala,140.393535,19.7,3,15690793,36.8545049,1331000,Latin America & Caribbean, Lower middle income
2013,Honduras,95.91916853,17.8,3.900000095,7849059,23.33909183,863000,Latin America & Caribbean, Lower middle income
2013,"Hong Kong SAR, China",237.3518775,74.2,3.400000095,7187500,22.94736539,25661000,East Asia & Pacific,High income: nonOECD
2013,Hungary,116.4278724,72.6439,10.19999981,9893082,15.43546473,10675000,Europe & Central Asia, High income: OECD
2013,Iceland,108.1111263,96.5468,5.400000095,323764,43.23097878,800000,Europe & Central Asia, High income: OECD
2013,India,70.78318167,15.1,4.5,1279498874,12.00239847,6968000,South Asia, Lower middle income
2013,Indonesia,125.3581426,14.94,6.199999809,251268276,10.40093552,8802000,East Asia & Pacific, Lower middle income
2013,"Iran, Islamic Rep.",84.24610052,29.95,10.39999962,77152445,27.403638,4769000,Middle East & North Africa,Upper middle income
2013,Ireland,105.4662101,78.2477,13,4598294,22.94316076,8260000,Europe & Central Asia, High income: OECD
2013,Isle of Man,NA,NA,2.599999905,86462,NA,NA,Europe & Central Asia,High income: nonOECD
2013,Israel,122.8478352,70.8,6.199999809,8059500,19.57440996,2962000,Middle East & North Africa, High income: OECD
2013,Italy,158.8172931,58.4593,12.10000038,60233948,62.70180436,47704000,Europe & Central Asia, High income: OECD
2013,Jamaica,102.2381648,37.1,15.30000019,2714734,6.069085085,2008000,Latin America & Caribbean,Upper middle income
2013,Japan,116.3154258,89.71,3.900000095,127338621,33.89569781,10364000,East Asia & Pacific, High income: OECD
2013,Jordan,141.7962745,41,12.60000038,6460000,19.85382307,3945000,Middle East & North Africa,Upper middle income
2013,Kazakhstan,184.6947548,54,5.199999809,17035275,3.289719887,4926000,Europe & Central Asia,Upper middle income
2013,"Korea, Rep.",110.9984678,84.77,3.099999905,50219669,18.15049675,12176000,East Asia & Pacific, High income: OECD
2013,Kyrgyz Republic,121.4498189,23,8.300000191,5719600,7.806854837,3076000,Europe & Central Asia, Lower middle income
2013,Latvia,124.7611955,75.2344,11.89999962,2012647,21.64334462,1536000,Europe & Central Asia,High income: nonOECD
2013,Lesotho,86.30152835,5,24.39999962,2083061,3.635388691,433000,Sub-Saharan Africa, Lower middle income
2013,Liechtenstein,104.0677048,93.8,2.599999905,37040,NA,52000,Europe & Central Asia,High income: nonOECD
2013,Lithuania,151.3449586,68.4529,11.80000019,2957689,NA,2012000,Europe & Central Asia,High income: nonOECD
2013,Luxembourg,148.6426713,93.7765,5.800000191,543360,81.66206753,945000,Europe & Central Asia, High income: OECD
2013,"Macao SAR, China",304.0821011,65.8,1.799999952,568056,37.47385896,14268000,East Asia & Pacific,High income: nonOECD
2013,"Macedonia, FYR",106.1738133,65.24,29,2072543,24.26885793,400000,Europe & Central Asia,Upper middle income
2013,Malawi,32.33015944,5.05,6.400000095,16190126,3.205929473,NA,Sub-Saharan Africa,Low income
2013,Malaysia,144.7153167,66.97,3.099999905,29465372,10.87029781,25715000,East Asia & Pacific,Upper middle income
2013,Mali,129.0669372,3.5,7.300000191,16592097,5.379347752,142000,Sub-Saharan Africa,Low income
2013,Malta,129.7545011,68.9138,6.400000095,423374,38.20005328,1582000,Middle East & North Africa,High income: nonOECD
2013,Mauritius,123.2398186,39,7.599999905,1258653,22.07523213,993000,Sub-Saharan Africa,Upper middle income
2013,Mexico,84.81947943,43.46,5,123740109,15.02064516,24151000,Latin America & Caribbean,Upper middle income
2013,Moldova,106.0114063,45,5.099999905,3558566,12.05610834,11500,Europe & Central Asia, Lower middle income
2013,Mongolia,124.1841263,20,7.900000095,2859174,71.09495923,418000,East Asia & Pacific,Upper middle income
2013,Montenegro,159.9499825,60.31,19.5,621207,42.39588329,1324000,Europe & Central Asia,Upper middle income
2013,Morocco,128.5252097,56,9.199999809,33452686,24.06113797,10046000,Middle East & North Africa, Lower middle income
2013,Namibia,118.4342133,13.9,29.70000076,2346592,12.34894593,1176000,Sub-Saharan Africa,Upper middle income
2013,Nepal,76.84979601,13.3,3.299999952,27834981,8.351576141,798000,South Asia,Low income
2013,Netherlands,116.1568948,93.9564,6.699999809,16804432,17.35424736,12783000,Europe & Central Asia, High income: OECD
2013,New Zealand,105.7756947,82.78,6.300000191,4442100,30.81263314,2629000,East Asia & Pacific, High income: OECD
2013,Nicaragua,111.9801766,15.5,5.300000191,5945646,7.443442083,1229000,Latin America & Caribbean, Lower middle income
2013,Nigeria,73.29196161,38,7.099999905,172816517,5.855702247,600000,Sub-Saharan Africa, Lower middle income
2013,Norway,116.268422,95.0534,3.400000095,5079623,8.953454909,NA,Europe & Central Asia, High income: OECD
2013,Pakistan,70.13037598,10.9,6,181192646,9.110397895,NA,South Asia, Lower middle income
2013,Panama,162.9742998,44.03,4.099999905,3805683,23.39266575,1658000,Latin America & Caribbean,Upper middle income
2013,Paraguay,103.6899605,36.9,5,6465669,10.03118807,610000,Latin America & Caribbean,Upper middle income
2013,Peru,98.08298127,39.2,4,30565461,86.62640062,3164000,Latin America & Caribbean,Upper middle income
2013,Philippines,104.5023215,37,7.099999905,97571676,8.427332712,4681000,East Asia & Pacific, Lower middle income
2013,Poland,149.0785439,62.8492,10.30000019,38040196,32.97950577,15800000,Europe & Central Asia, High income: OECD
2013,Portugal,113.035602,62.0956,16.20000076,10457295,58.25424908,8097000,Europe & Central Asia, High income: OECD
2013,Puerto Rico,83.64642094,73.9,14.30000019,3595839,NA,3200000,Latin America & Caribbean,High income: nonOECD
2013,Qatar,152.6441746,85.3,0.300000012,2101288,12.49205233,2611000,Middle East & North Africa,High income: nonOECD
2013,Romania,105.5829217,49.7645,7.099999905,19983693,31.43109134,8019000,Europe & Central Asia,Upper middle income
2013,Russian Federation,152.8353524,67.97,5.5,143506911,38.54712776,30792000,Europe & Central Asia,High income: nonOECD
2013,San Marino,116.9549733,NA,6,31391,260.2108864,70000,Europe & Central Asia,High income: nonOECD
2013,Saudi Arabia,184.2042369,60.5,5.599999905,30201051,8.753870631,13380000,Middle East & North Africa,High income: nonOECD
2013,Serbia,119.3917104,51.5,22.10000038,7164132,33.63845853,922000,Europe & Central Asia,Upper middle income
2013,Singapore,155.9222113,81,2.799999952,5399200,9.488102177,11899000,East Asia & Pacific,High income: nonOECD
2013,Slovak Republic,113.9111556,77.8826,14.19999981,5413393,26.85698903,NA,Europe & Central Asia, High income: OECD
2013,Slovenia,110.2112117,72.6756,10.10000038,2059953,34.37951879,2259000,Europe & Central Asia, High income: OECD
2013,South Africa,145.6440213,46.5,24.60000038,53157490,10.1863085,9537000,Sub-Saharan Africa,Upper middle income
2013,Spain,106.8867146,71.635,26.10000038,46620045,73.97442465,60661000,Europe & Central Asia, High income: OECD
2013,Sri Lanka,95.49632054,21.9,4.400000095,20483000,18.44278846,1275000,South Asia, Lower middle income
2013,St. Lucia,116.3090529,46.2,22.20000076,182305,20.92397382,319000,Latin America & Caribbean,Upper middle income
2013,Suriname,161.067802,37.4,4.800000191,533450,12.25468295,249000,Latin America & Caribbean,Upper middle income
2013,Sweden,125.5274913,94.7836,8.100000381,9600379,21.58832535,5229000,Europe & Central Asia, High income: OECD
2013,Switzerland,136.7772396,86.34,4.400000095,8089346,47.43108424,8967000,Europe & Central Asia, High income: OECD
2013,Tanzania,55.71793149,4.4,2.900000095,50213457,2.485073361,1063000,Sub-Saharan Africa,Low income
2013,Thailand,140.0511818,28.94,0.800000012,67451422,12.24318216,26547000,East Asia & Pacific,Upper middle income
2013,Trinidad and Tobago,144.9406517,63.8,3.599999905,1348240,12.61056596,434000,Latin America & Caribbean,High income: nonOECD
2013,Tunisia,115.6035799,43.8,15.89999962,10886500,18.15717252,6269000,Middle East & North Africa,Upper middle income
2013,Turkey,92.96497103,46.25,8.699999809,75010202,19.7689352,37795000,Europe & Central Asia,Upper middle income
2013,Uganda,48.08192773,16.2,1.899999976,36573387,2.810160944,1206000,Sub-Saharan Africa,Low income
2013,Ukraine,138.0646549,41,7.199999809,45489600,0.917512334,24671000,Europe & Central Asia, Lower middle income
2013,United Kingdom,124.6098071,89.8441,7.5,64106779,25.16603305,31169000,Europe & Central Asia, High income: OECD
2013,United States,97.07773939,84.2,7.400000095,316497531,33.56773607,69768000,North America, High income: OECD
2013,Uruguay,154.618466,57.69,6.5,3407969,12.58132323,2683000,Latin America & Caribbean,High income: nonOECD
2013,"Venezuela, RB",101.614434,54.9,7.800000191,30276045,16.4817794,986000,Latin America & Caribbean,High income: nonOECD
2013,Vietnam,134.9650058,43.9,2,89708900,3.668710434,7572000,East Asia & Pacific, Lower middle income
2013,West Bank and Gaza,73.74053318,46.6,23.29999924,4169506,10.17037947,545000,Middle East & North Africa, Lower middle income
2014,Albania,105.4699657,60.1,17.5,2894475,22.24169025,NA,Europe & Central Asia,Upper middle income
2014,Algeria,93.31075022,18.09,10.60000038,38934334,5.064181276,NA,Middle East & North Africa,Upper middle income
2014,Argentina,158.735762,64.7,7.300000191,42980026,13.3038166,NA,Latin America & Caribbean,High income: nonOECD
2014,Australia,131.2305468,84.56,6.099999905,23490736,29.21998937,NA,East Asia & Pacific, High income: OECD
2014,Austria,151.9112515,81,5.599999905,8534492,14.90247754,NA,Europe & Central Asia, High income: OECD
2014,Azerbaijan,110.9053634,61,4.900000095,9537823,10.73983805,NA,Europe & Central Asia,Upper middle income
2014,Belarus,122.5011386,59.02,0.5,9470000,NA,NA,Europe & Central Asia,Upper middle income
2014,Belgium,114.2699575,85,8.5,11225207,39.8640122,NA,Europe & Central Asia, High income: OECD
2014,Bhutan,82.07006186,34.37,2.599999905,765008,15.50913235,NA,South Asia, Lower middle income
2014,Brazil,138.9514906,57.6,4.800000191,206077898,47.321139,NA,Latin America & Caribbean,Upper middle income
2014,Bulgaria,137.7065953,55.49,11.39999962,7223938,60.32692696,NA,Europe & Central Asia,Upper middle income
2014,Canada,82.98444025,87.12,6.900000095,35540419,24.03210854,NA,North America, High income: OECD
2014,China,92.27349082,49.3,4.099999905,1364270000,8.055359176,NA,East Asia & Pacific,Upper middle income
2014,Colombia,113.0820753,52.57,9.100000381,47791393,256.2589706,NA,Latin America & Caribbean,Upper middle income
2014,Costa Rica,143.8283795,49.41,9.600000381,4757606,21.62177537,NA,Latin America & Caribbean,Upper middle income
2014,Croatia,104.4313214,68.57,17.29999924,4238389,33.8394525,NA,Europe & Central Asia,High income: nonOECD
2014,Cyprus,96.33531011,69.33,16.10000038,1153658,37.70966888,NA,Europe & Central Asia,High income: nonOECD
2014,Czech Republic,130.0334399,79.71,6.099999905,10510566,24.31653535,NA,Europe & Central Asia, High income: OECD
2014,Denmark,125.9578234,95.99,6.599999905,5639565,27.93737643,NA,Europe & Central Asia, High income: OECD
2014,Dominican Republic,78.86382636,49.58,14.5,10405943,11.3817699,NA,Latin America & Caribbean,Upper middle income
2014,Estonia,160.6878485,84.24,7.400000095,1313645,12.41073856,NA,Europe & Central Asia, High income: OECD
2014,Finland,139.6638962,92.38,8.699999809,5463596,12.07221583,NA,Europe & Central Asia, High income: OECD
2014,France,100.3615662,83.75,9.899999619,66206930,37.99657706,NA,Europe & Central Asia, High income: OECD
2014,Georgia,124.9355401,48.9,12.39999962,4504100,26.71897122,NA,Europe & Central Asia, Lower middle income
2014,Germany,120.4189829,86.19,5,80889505,14.54159756,NA,Europe & Central Asia, High income: OECD
2014,Greece,114.9618849,63.21,26.5,10957740,28.00372011,NA,Europe & Central Asia, High income: OECD
2014,"Hong Kong SAR, China",239.297939,74.56,3.200000048,7241700,22.69454939,NA,East Asia & Pacific,High income: nonOECD
2014,Hungary,118.0538283,76.13,7.699999809,9861673,15.55620028,NA,Europe & Central Asia, High income: OECD
2014,Iceland,111.0801927,98.16,4.900000095,327589,40.37907706,NA,Europe & Central Asia, High income: OECD
2014,India,74.48376991,18,4.900000095,1295291543,13.03529379,NA,South Asia, Lower middle income
2014,Indonesia,126.180597,17.14,5.900000095,254454778,10.98431938,NA,East Asia & Pacific, Lower middle income
2014,"Iran, Islamic Rep.",87.79273111,39.35,10.60000038,78143644,27.34095766,NA,Middle East & North Africa,Upper middle income
2014,Ireland,104.2554956,79.69,11.30000019,4612719,21.43335602,NA,Europe & Central Asia, High income: OECD
2014,Israel,121.4506526,71.45,5.900000095,8215300,19.10539445,NA,Middle East & North Africa, High income: OECD
2014,Italy,154.2486564,61.96,12.69999981,61336387,59.60014181,NA,Europe & Central Asia, High income: OECD
2014,Japan,120.2329983,90.58,3.5,127131800,33.89194314,NA,East Asia & Pacific, High income: OECD
2014,Kazakhstan,168.6229043,54.89,5.099999905,17289111,3.386413648,NA,Europe & Central Asia,Upper middle income
2014,"Korea, Rep.",115.5435591,84.33,3.5,50423955,17.37089424,NA,East Asia & Pacific, High income: OECD
2014,Latvia,124.1970672,75.83,10.80000019,1990351,20.49464834,NA,Europe & Central Asia,High income: nonOECD
2014,Lithuania,147.0432509,72.13,10.69999981,2929323,NA,NA,Europe & Central Asia,High income: nonOECD
2014,Luxembourg,148.3714353,94.67,5.900000095,556074,80.37174478,NA,Europe & Central Asia, High income: OECD
2014,"Macao SAR, China",322.5915365,69.78,1.700000048,577914,38.48923789,NA,East Asia & Pacific,High income: nonOECD
2014,"Macedonia, FYR",109.1001663,68.06,28,2075625,24.38072116,NA,Europe & Central Asia,Upper middle income
2014,Malaysia,148.8298489,67.5,2.900000095,29901997,10.70883672,NA,East Asia & Pacific,Upper middle income
2014,Mali,149.0238884,7,8.199999809,17086022,NA,NA,Sub-Saharan Africa,Low income
2014,Malta,126.9833963,73.17,5.900000095,427404,37.70338923,NA,Middle East & North Africa,High income: nonOECD
2014,Mauritius,132.2498241,41.44,7.699999809,1260934,24.19458961,NA,Sub-Saharan Africa,Upper middle income
2014,Mexico,82.54324957,44.39,4.900000095,125385833,14.91478968,NA,Latin America & Caribbean,Upper middle income
2014,Moldova,107.9952216,46.6,3.900000095,3556400,12.210909,NA,Europe & Central Asia, Lower middle income
2014,Montenegro,163.0293689,61,18,621800,41.82190997,NA,Europe & Central Asia,Upper middle income
2014,Morocco,131.713056,56.8,9.899999619,33921203,24.58252583,NA,Middle East & North Africa, Lower middle income
2014,Netherlands,116.4234077,93.17,6.800000191,16854183,14.75783363,NA,Europe & Central Asia, High income: OECD
2014,New Zealand,112.0546897,85.5,5.800000191,4509700,29.56680157,NA,East Asia & Pacific, High income: OECD
2014,Nigeria,77.84154715,42.68,4.800000191,177475986,5.560285565,NA,Sub-Saharan Africa, Lower middle income
2014,Norway,116.5131491,96.3,3.5,5136475,8.562260326,NA,Europe & Central Asia, High income: OECD
2014,Pakistan,73.33219105,13.8,5.599999905,185044286,9.379440042,NA,South Asia, Lower middle income
2014,Panama,158.0542825,44.92,4.800000191,3867535,22.76617512,NA,Latin America & Caribbean,Upper middle income
2014,Paraguay,105.604533,43,6,6552518,10.43352133,NA,Latin America & Caribbean,Upper middle income
2014,Peru,102.9158073,40.2,6,30973148,120.6781428,NA,Latin America & Caribbean,Upper middle income
2014,Philippines,111.2187234,39.69,6.800000191,99138690,8.801095941,NA,East Asia & Pacific, Lower middle income
2014,Poland,156.4493733,66.6,9,37995529,33.02146714,NA,Europe & Central Asia, High income: OECD
2014,Portugal,111.796269,64.59,13.89999962,10397393,53.64628274,NA,Europe & Central Asia, High income: OECD
2014,Puerto Rico,87.11106333,78.78,13.89999962,3548397,NA,NA,Latin America & Caribbean,High income: nonOECD
2014,Romania,105.91415,54.08,6.800000191,19910995,30.57988641,NA,Europe & Central Asia,Upper middle income
2014,Russian Federation,155.144239,70.52,5.199999809,143819569,36.98165916,NA,Europe & Central Asia,High income: nonOECD
2014,San Marino,118.8481841,NA,6.599999905,31595,247.4104523,NA,Europe & Central Asia,High income: nonOECD
2014,Saudi Arabia,179.5611716,63.7,5.900000095,30886545,9.231875955,NA,Middle East & North Africa,High income: nonOECD
2014,Singapore,158.1301198,82,1.700000048,5469700,9.366776263,NA,East Asia & Pacific,High income: nonOECD
2014,Slovak Republic,116.9401341,79.98,13.19999981,5418506,27.95683632,NA,Europe & Central Asia, High income: OECD
2014,Slovenia,112.0830105,71.59,9.699999809,2062218,31.76184311,NA,Europe & Central Asia, High income: OECD
2014,South Africa,149.6818056,49,24.89999962,54001953,10.94474495,NA,Sub-Saharan Africa,Upper middle income
2014,Spain,107.8492701,76.19,24.39999962,46404602,70.2474448,NA,Europe & Central Asia, High income: OECD
2014,Sri Lanka,103.1578481,25.8,4.300000191,20639000,18.65157794,NA,South Asia, Lower middle income
2014,Sweden,127.8377463,92.52,8,9689555,21.12424595,NA,Europe & Central Asia, High income: OECD
2014,Switzerland,140.5386879,87,4.5,8190229,45.98001539,NA,Europe & Central Asia, High income: OECD
2014,Thailand,144.4387195,34.89,0.800000012,67725979,12.67743775,NA,East Asia & Pacific,Upper middle income
2014,Turkey,94.7933028,51.04,9.899999619,75932348,19.79462346,NA,Europe & Central Asia,Upper middle income
2014,Ukraine,144.082159,43.4,9.300000191,45362900,0.764798679,NA,Europe & Central Asia, Lower middle income
2014,United Kingdom,123.5810846,91.61,6.099999905,64510376,NA,NA,Europe & Central Asia, High income: OECD
2014,United States,98.4068578,87.36,6.199999809,318857056,32.39384432,NA,North America, High income: OECD
2014,Uruguay,160.7951457,61.46,6.599999905,3419516,12.20799284,NA,Latin America & Caribbean,High income: nonOECD
2014,"Venezuela, RB",98.95200348,57,7,30693827,16.43106293,NA,Latin America & Caribbean,High income: nonOECD
2014,Vietnam,147.1108877,48.31,1.799999952,90730000,3.830862224,NA,East Asia & Pacific, Lower middle income
2014,West Bank and Gaza,72.07515264,53.67,26.89999962,4294682,10.58986653,NA,Middle East & North Africa, Lower middle income
2014,Zimbabwe,80.81642131,19.89,11.30000019,15245855,12.96089446,NA,Sub-Saharan Africa,Low income